<keymap version="1" name="macOS copy" parent="Mac OS X 10.5+">
  <action id="EditorScrollToCenter" />
  <action id="NextSplitter">
    <keyboard-shortcut first-keystroke="alt tab" />
    <keyboard-shortcut first-keystroke="ctrl l" />
  </action>
  <action id="NextTab" />
  <action id="PrevSplitter">
    <keyboard-shortcut first-keystroke="shift alt tab" />
    <keyboard-shortcut first-keystroke="ctrl h" />
  </action>
  <action id="PreviousTab" />
  <action id="TypeHierarchy" />
  <action id="TypeHierarchyBase.BaseOnThisType" />
</keymap>